INSERT INTO "main"."DessertMenu" ("DessertId", "Name", "Category", "Description", "Price", "ImgSrc") VALUES ('1', 'Chocolate cake', 'Cake', 'Delicious two-layered chocolate cake', '59', 'chocolate-cake.jpeg');
INSERT INTO "main"."DessertMenu" ("DessertId", "Name", "Category", "Description", "Price", "ImgSrc") VALUES ('2', 'Chocolate Icecream', 'Icecream', 'Chocolate flavored icecream', '49', 'chocolate-icecream.jpg');
INSERT INTO "main"."DessertMenu" ("DessertId", "Name", "Category", "Description", "Price", "ImgSrc") VALUES ('3', 'Vanilla Icecream', 'Icecream', 'Vanilla flavored icecream', '45', 'vanilla-icecream.jpg');
INSERT INTO "main"."DessertMenu" ("DessertId", "Name", "Category", "Description", "Price", "ImgSrc") VALUES ('4', 'Carrot cake', 'Cake', 'Carrot cake with cream cheese frosting', '79', 'carrotcake.jpeg');
INSERT INTO "main"."DessertMenu" ("DessertId", "Name", "Category", "Description", "Price", "ImgSrc") VALUES ('5', 'Pistachio Icecream', 'Icecream', 'Pistachio flavored icecream sprinkled with nuts', '69', 'pistachio-icecream-3.jpeg');
INSERT INTO "main"."DessertMenu" ("DessertId", "Name", "Category", "Description", "Price", "ImgSrc") VALUES ('6', 'Tiramisu', 'Cake', 'Homemade tiramisu, saviordi dipped in coffee with mascarpone-cream', '69', 'tiramisu.jpg');
INSERT INTO "main"."DessertMenu" ("DessertId", "Name", "Category", "Description", "Price", "ImgSrc") VALUES ('7', 'Cannoli', 'Pastry', 'Cannoli tubes filled with Ricotta cheese', '49', 'homemade-cannolis-2.jpg');
INSERT INTO "main"."DessertMenu" ("DessertId", "Name", "Category", "Description", "Price", "ImgSrc") VALUES ('8', 'Amaretti', 'Pastry', 'Cookies made of sugar, egg whites, and crushed apricot kernels', '39', '1200px-Amaretti_gobeirne.jpg');
INSERT INTO "main"."DessertMenu" ("DessertId", "Name", "Category", "Description", "Price", "ImgSrc") VALUES ('9', 'Torrone', 'Pastry', 'Homemade Torrone, a classic italian nougat with almonds', '69', 'torrone.jpg');

INSERT INTO "main"."DessertRatings" ("RatingsId", "Rating", "DessertFK") VALUES ('1', '4', '1');
INSERT INTO "main"."DessertRatings" ("RatingsId", "Rating", "DessertFK") VALUES ('2', '3', '1');
INSERT INTO "main"."DessertRatings" ("RatingsId", "Rating", "DessertFK") VALUES ('5', '5', '1');
INSERT INTO "main"."DessertRatings" ("RatingsId", "Rating", "DessertFK") VALUES ('9', '5', '1');
INSERT INTO "main"."DessertRatings" ("RatingsId", "Rating", "DessertFK") VALUES ('3', '4', '2');
INSERT INTO "main"."DessertRatings" ("RatingsId", "Rating", "DessertFK") VALUES ('6', '5', '2');
INSERT INTO "main"."DessertRatings" ("RatingsId", "Rating", "DessertFK") VALUES ('7', '4', '2');
INSERT INTO "main"."DessertRatings" ("RatingsId", "Rating", "DessertFK") VALUES ('8', '5', '2');
INSERT INTO "main"."DessertRatings" ("RatingsId", "Rating", "DessertFK") VALUES ('10', '4', '2');
INSERT INTO "main"."DessertRatings" ("RatingsId", "Rating", "DessertFK") VALUES ('4', '4', '3');
INSERT INTO "main"."DessertRatings" ("RatingsId", "Rating", "DessertFK") VALUES ('11', '5', '3');
INSERT INTO "main"."DessertRatings" ("RatingsId", "Rating", "DessertFK") VALUES ('12', '4', '4');
INSERT INTO "main"."DessertRatings" ("RatingsId", "Rating", "DessertFK") VALUES ('13', '4', '4');
INSERT INTO "main"."DessertRatings" ("RatingsId", "Rating", "DessertFK") VALUES ('14', '5', '4');
INSERT INTO "main"."DessertRatings" ("RatingsId", "Rating", "DessertFK") VALUES ('15', '5', '4');
INSERT INTO "main"."DessertRatings" ("RatingsId", "Rating", "DessertFK") VALUES ('16', '2', '4');
INSERT INTO "main"."DessertRatings" ("RatingsId", "Rating", "DessertFK") VALUES ('17', '2', '4');
INSERT INTO "main"."DessertRatings" ("RatingsId", "Rating", "DessertFK") VALUES ('18', '3', '5');
INSERT INTO "main"."DessertRatings" ("RatingsId", "Rating", "DessertFK") VALUES ('19', '5', '5');
INSERT INTO "main"."DessertRatings" ("RatingsId", "Rating", "DessertFK") VALUES ('20', '3', '6');
INSERT INTO "main"."DessertRatings" ("RatingsId", "Rating", "DessertFK") VALUES ('25', '4', '6');
INSERT INTO "main"."DessertRatings" ("RatingsId", "Rating", "DessertFK") VALUES ('21', '4', '7');
INSERT INTO "main"."DessertRatings" ("RatingsId", "Rating", "DessertFK") VALUES ('24', '3', '7');
INSERT INTO "main"."DessertRatings" ("RatingsId", "Rating", "DessertFK") VALUES ('22', '3', '8');
INSERT INTO "main"."DessertRatings" ("RatingsId", "Rating", "DessertFK") VALUES ('26', '5', '8');
INSERT INTO "main"."DessertRatings" ("RatingsId", "Rating", "DessertFK") VALUES ('23', '5', '9');
INSERT INTO "main"."DessertRatings" ("RatingsId", "Rating", "DessertFK") VALUES ('27', '3', '9');

INSERT INTO "main"."DrinkMenu" ("DrinkId", "Name", "Category", "Description", "Price", "ImgSrc") VALUES ('1', 'Coca-Cola', 'Soda', 'Icecold Coca-Cola 0.5l', '25', 'Coca-cola.jpg');
INSERT INTO "main"."DrinkMenu" ("DrinkId", "Name", "Category", "Description", "Price", "ImgSrc") VALUES ('2', 'Fanta', 'Soda', 'Icecold Fanta 0.5l', '25', 'Fanta.jpeg');
INSERT INTO "main"."DrinkMenu" ("DrinkId", "Name", "Category", "Description", "Price", "ImgSrc") VALUES ('4', 'Farris', 'Water', 'Sparkly water', '35', 'Farris.jpg');
INSERT INTO "main"."DrinkMenu" ("DrinkId", "Name", "Category", "Description", "Price", "ImgSrc") VALUES ('5', 'Farris Bris', 'Water', 'Sparkly water with lemon and lemongrass', '29', 'bris-lemonlemongrass.jpeg');
INSERT INTO "main"."DrinkMenu" ("DrinkId", "Name", "Category", "Description", "Price", "ImgSrc") VALUES ('6', 'Farris Bris', 'Water', 'Sparkly water with mango and papaya', '29', 'bris-mangopapaya.jpeg');
INSERT INTO "main"."DrinkMenu" ("DrinkId", "Name", "Category", "Description", "Price", "ImgSrc") VALUES ('10', 'Peroni', 'Beer', 'Icecold Peroni 0.33l', '65', 'Peroni+Nastro+Azzuro.jpg');
INSERT INTO "main"."DrinkMenu" ("DrinkId", "Name", "Category", "Description", "Price", "ImgSrc") VALUES ('11', 'Heineken', 'Beer', 'Icecold Heineken beer 0.5l', '65', 'Heineken.jpeg');
INSERT INTO "main"."DrinkMenu" ("DrinkId", "Name", "Category", "Description", "Price", "ImgSrc") VALUES ('12', 'Sprite', 'Soda', 'Icecold Sprite 0.5l', '39', 'sprite1_5.jpeg');

INSERT INTO "main"."DrinkRatings" ("RatingsId", "Rating", "DrinkFK") VALUES ('1', '5', '1');
INSERT INTO "main"."DrinkRatings" ("RatingsId", "Rating", "DrinkFK") VALUES ('2', '3', '1');
INSERT INTO "main"."DrinkRatings" ("RatingsId", "Rating", "DrinkFK") VALUES ('4', '5', '1');
INSERT INTO "main"."DrinkRatings" ("RatingsId", "Rating", "DrinkFK") VALUES ('6', '2', '1');
INSERT INTO "main"."DrinkRatings" ("RatingsId", "Rating", "DrinkFK") VALUES ('12', '5', '1');
INSERT INTO "main"."DrinkRatings" ("RatingsId", "Rating", "DrinkFK") VALUES ('3', '3', '2');
INSERT INTO "main"."DrinkRatings" ("RatingsId", "Rating", "DrinkFK") VALUES ('5', '5', '2');
INSERT INTO "main"."DrinkRatings" ("RatingsId", "Rating", "DrinkFK") VALUES ('13', '5', '2');
INSERT INTO "main"."DrinkRatings" ("RatingsId", "Rating", "DrinkFK") VALUES ('7', '4', '4');
INSERT INTO "main"."DrinkRatings" ("RatingsId", "Rating", "DrinkFK") VALUES ('9', '4', '5');
INSERT INTO "main"."DrinkRatings" ("RatingsId", "Rating", "DrinkFK") VALUES ('8', '4', '6');
INSERT INTO "main"."DrinkRatings" ("RatingsId", "Rating", "DrinkFK") VALUES ('10', '5', '10');
INSERT INTO "main"."DrinkRatings" ("RatingsId", "Rating", "DrinkFK") VALUES ('11', '4', '11');

INSERT INTO "main"."FoodMenu" ("FoodId", "Name", "Category", "Description", "Price", "ImgSrc") VALUES ('1', 'Margherita', 'Pizza', 'Thin crust, italian style pizza with tomatosauce, mozzarella and fresh basil', '129', 'margherita.jpg');
INSERT INTO "main"."FoodMenu" ("FoodId", "Name", "Category", "Description", "Price", "ImgSrc") VALUES ('2', 'Pepperoni', 'Pizza', 'Thin crust, italian style pizza with tomatosauce, mozzarella and slices of pepperoni', '159', 'pepperoni.jpg');
INSERT INTO "main"."FoodMenu" ("FoodId", "Name", "Category", "Description", "Price", "ImgSrc") VALUES ('3', 'Four cheeses', 'Pizza', 'Thin crust, italian style pizza with tomatosauce, mozzarella, blue, jarlsberg and parmesan', '159', '4cheese.jpg');
INSERT INTO "main"."FoodMenu" ("FoodId", "Name", "Category", "Description", "Price", "ImgSrc") VALUES ('7', 'Pasta Carbonara', 'Pasta', 'Creamy homemade tagliatelle with parmesan and crispy bacon', '179', 'pasta-carbonara.jpeg');
INSERT INTO "main"."FoodMenu" ("FoodId", "Name", "Category", "Description", "Price", "ImgSrc") VALUES ('8', 'Spaghetti Bolognese', 'Pasta', 'Homemade spaghetti with and minced meat boiled in a spicy tomato sauce', '179', 'spaghetti-bolognaise.jpeg');
INSERT INTO "main"."FoodMenu" ("FoodId", "Name", "Category", "Description", "Price", "ImgSrc") VALUES ('9', 'Pasta with Meatballs', 'Pasta', 'Homemade tagliatelle with meatballs stuffed with mozzarella cheese', '169', 'pasta_meatballs.jpg');
INSERT INTO "main"."FoodMenu" ("FoodId", "Name", "Category", "Description", "Price", "ImgSrc") VALUES ('10', 'Mushroom Risotto', 'Risotto', 'Homemade traditional Italian mushroom risotto with vegetables and parmesan cheese', '139', 'traditional-italian-mushroom-risotto.jpg');
INSERT INTO "main"."FoodMenu" ("FoodId", "Name", "Category", "Description", "Price", "ImgSrc") VALUES ('11', 'Chicken Risotto', 'Risotto', 'Risotto with chicken and mushrooms topped with parmesan cheese', '180', 'chicken-mushroom-risotto.jpg');
INSERT INTO "main"."FoodMenu" ("FoodId", "Name", "Category", "Description", "Price", "ImgSrc") VALUES ('12', 'Penne Arrabbiata', 'Pasta', 'Homemade penne with a spicy tomatosauce topped with parmesan cheese and basil', '169', 'pennearrabbiata.jpg');

INSERT INTO "main"."FoodRatings" ("RatingsId", "Rating", "FoodFK") VALUES ('1', '4', '1');
INSERT INTO "main"."FoodRatings" ("RatingsId", "Rating", "FoodFK") VALUES ('2', '3', '1');
INSERT INTO "main"."FoodRatings" ("RatingsId", "Rating", "FoodFK") VALUES ('7', '5', '1');
INSERT INTO "main"."FoodRatings" ("RatingsId", "Rating", "FoodFK") VALUES ('8', '5', '1');
INSERT INTO "main"."FoodRatings" ("RatingsId", "Rating", "FoodFK") VALUES ('10', '2', '1');
INSERT INTO "main"."FoodRatings" ("RatingsId", "Rating", "FoodFK") VALUES ('14', '3', '1');
INSERT INTO "main"."FoodRatings" ("RatingsId", "Rating", "FoodFK") VALUES ('3', '3', '2');
INSERT INTO "main"."FoodRatings" ("RatingsId", "Rating", "FoodFK") VALUES ('4', '4', '2');
INSERT INTO "main"."FoodRatings" ("RatingsId", "Rating", "FoodFK") VALUES ('9', '5', '2');
INSERT INTO "main"."FoodRatings" ("RatingsId", "Rating", "FoodFK") VALUES ('11', '5', '2');
INSERT INTO "main"."FoodRatings" ("RatingsId", "Rating", "FoodFK") VALUES ('12', '5', '2');
INSERT INTO "main"."FoodRatings" ("RatingsId", "Rating", "FoodFK") VALUES ('13', '5', '2');
INSERT INTO "main"."FoodRatings" ("RatingsId", "Rating", "FoodFK") VALUES ('17', '3', '2');
INSERT INTO "main"."FoodRatings" ("RatingsId", "Rating", "FoodFK") VALUES ('23', '5', '2');
INSERT INTO "main"."FoodRatings" ("RatingsId", "Rating", "FoodFK") VALUES ('24', '3', '2');
INSERT INTO "main"."FoodRatings" ("RatingsId", "Rating", "FoodFK") VALUES ('5', '4', '3');
INSERT INTO "main"."FoodRatings" ("RatingsId", "Rating", "FoodFK") VALUES ('6', '1', '3');
INSERT INTO "main"."FoodRatings" ("RatingsId", "Rating", "FoodFK") VALUES ('15', '4', '7');
INSERT INTO "main"."FoodRatings" ("RatingsId", "Rating", "FoodFK") VALUES ('18', '5', '7');
INSERT INTO "main"."FoodRatings" ("RatingsId", "Rating", "FoodFK") VALUES ('16', '4', '8');
INSERT INTO "main"."FoodRatings" ("RatingsId", "Rating", "FoodFK") VALUES ('19', '4', '9');
INSERT INTO "main"."FoodRatings" ("RatingsId", "Rating", "FoodFK") VALUES ('20', '5', '10');
INSERT INTO "main"."FoodRatings" ("RatingsId", "Rating", "FoodFK") VALUES ('21', '4', '10');
INSERT INTO "main"."FoodRatings" ("RatingsId", "Rating", "FoodFK") VALUES ('22', '3', '10');

CREATE VIEW "DessertInfo" AS SELECT DessertMenu.DessertId, DessertMenu.Name, DessertMenu.Category, DessertMenu.Category, DessertMenu.Description, DessertMenu.Price, DessertMenu.ImgSrc, IFNULL(ROUND(AVG(DessertRatings.Rating)), 0) AS AvgRating, COUNT(DessertRatings.DessertFK) AS TotalVotes
FROM DessertMenu
LEFT JOIN DessertRatings ON DessertMenu.DessertId = DessertRatings.DessertFK
GROUP BY DessertMenu.DessertId
ORDER BY DessertMenu.Category ASC;

CREATE VIEW "DrinkInfo" AS SELECT DrinkMenu.DrinkId, DrinkMenu.Name, DrinkMenu.Category, DrinkMenu.Description, DrinkMenu.Price, DrinkMenu.ImgSrc, IFNULL(ROUND(AVG(DrinkRatings.Rating)), 0) AS AvgRating, COUNT(DrinkRatings.DrinkFK) AS TotalVotes
FROM DrinkMenu
LEFT JOIN DrinkRatings ON DrinkMenu.DrinkId = DrinkRatings.DrinkFK
GROUP BY DrinkMenu.DrinkId
ORDER BY DrinkMenu.Category ASC;

CREATE VIEW "FoodInfo" AS SELECT FoodMenu.FoodId, FoodMenu.Name, FoodMenu.Category, FoodMenu.Description, FoodMenu.Price, FoodMenu.ImgSrc, IFNULL(ROUND(AVG(FoodRatings.Rating)), 0) AS AvgRating, COUNT(FoodRatings.FoodFK) AS TotalVotes
FROM FoodMenu
LEFT JOIN FoodRatings ON FoodMenu.FoodId = FoodRatings.FoodFK
GROUP BY FoodMenu.FoodId
ORDER BY FoodMenu.Category ASC;